,AP,BLESS,Battig,ESSLI_1a,ESSLI_2b,ESSLI_2c,MEN,MTurk,RG65,RW,SimLex999,TR9856,WS353,WS353R,WS353S,Google,MSR,SemEval2012_2
0,0.43781094527363185,0.675,0.22672529153125598,0.7272727272727273,0.65,0.5555555555555556,0.726495765094857,0.610234602793817,0.7302473232607383,0.38383761668058525,0.2738665568185084,0.5684823659449789,0.6612632972558246,0.6117883704541055,0.6896543001265373,0.061941803514837225,0.03663366336633663,0.09184133906078809
