,AP,BLESS,Battig,ESSLI_1a,ESSLI_2b,ESSLI_2c,MEN,MTurk,RG65,RW,SimLex999,TR9856,WS353,WS353R,WS353S,Google,MSR,SemEval2012_2
0,0.4427860696517413,0.685,0.22481361116421336,0.7954545454545455,0.675,0.5333333333333333,0.7293086551199958,0.6129447364199524,0.7520245175255198,0.3947468147464666,0.2807892953457011,0.5663224766101692,0.6625334094571587,0.6099715138813141,0.693925890040231,0.06424661480841257,0.039603960396039604,0.0907358323123329
