,AP,BLESS,Battig,ESSLI_1a,ESSLI_2b,ESSLI_2c,MEN,MTurk,RG65,RW,SimLex999,TR9856,WS353,WS353R,WS353S,Google,MSR,SemEval2012_2
0,0.43532338308457713,0.675,0.22443127509080482,0.7272727272727273,0.55,0.4666666666666667,0.7264380798585047,0.610234602793817,0.7302473232607383,0.38350998224231575,0.273674982351388,0.5682957332106993,0.6612942651840562,0.6117460910375249,0.6898083899456346,0.061941803514837225,0.03663366336633663,0.08875529928514964
