,AP,BLESS,Battig,ESSLI_1a,ESSLI_2b,ESSLI_2c,MEN,MTurk,RG65,RW,SimLex999,TR9856,WS353,WS353R,WS353S,Google,MSR,SemEval2012_2
0,0.445273631840796,0.705,0.21907857006308545,0.8636363636363636,0.675,0.5555555555555556,0.7096097261731201,0.5621271677518298,0.7627489649523972,0.35050681350287327,0.28720828551509586,0.5143129291929345,0.6501637510618556,0.5665905157891152,0.7007553709509421,0.03745318352059925,0.011881188118811881,0.10286049561484487
