,AP,BLESS,Battig,ESSLI_1a,ESSLI_2b,ESSLI_2c,MEN,MTurk,RG65,RW,SimLex999,TR9856,WS353,WS353R,WS353S,Google,MSR,SemEval2012_2
0,0.43532338308457713,0.675,0.2225195947237622,0.7272727272727273,0.55,0.5555555555555556,0.7264033731863687,0.609761269241207,0.7319982534528816,0.3834264370192365,0.2736822590221519,0.5680879154708774,0.6612624429681492,0.6115202147023675,0.6898061886625048,0.061941803514837225,0.03663366336633663,0.08934498736920665
