,AP,BLESS,Battig,ESSLI_1a,ESSLI_2b,ESSLI_2c,MEN,MTurk,RG65,RW,SimLex999,TR9856,WS353,WS353R,WS353S,Google,MSR,SemEval2012_2
0,0.417910447761194,0.675,0.22424010705410055,0.7272727272727273,0.65,0.5555555555555556,0.7312205028173122,0.6133326307031384,0.7615452004452987,0.39378635641696297,0.2801182071348604,0.547635512579325,0.6720755892189554,0.6217002873768833,0.7056642323307601,0.06222990492653414,0.03861386138613861,0.09103875837814639
