,AP,BLESS,Battig,ESSLI_1a,ESSLI_2b,ESSLI_2c,MEN,MTurk,RG65,RW,SimLex999,TR9856,WS353,WS353R,WS353S,Google,MSR,SemEval2012_2
0,0.4502487562189055,0.735,0.22596061938443893,0.7272727272727273,0.675,0.5555555555555556,0.7227718384175114,0.5889926916295736,0.8115561440583899,0.37917155362443117,0.278634803578223,0.5211060402880836,0.6755014963690479,0.6023368937529949,0.7190777510831913,0.04840103716508211,0.01881188118811881,0.1032065717817626
