,AP,BLESS,Battig,ESSLI_1a,ESSLI_2b,ESSLI_2c,MEN,MTurk,RG65,RW,SimLex999,TR9856,WS353,WS353R,WS353S,Google,MSR,SemEval2012_2
0,0.4626865671641791,0.7000000000000001,0.22844580386159435,0.75,0.7250000000000001,0.5111111111111112,0.7275768040068826,0.5956689161423803,0.7876997201904382,0.37812069188189407,0.2662813583574715,0.5245401681290278,0.670458849793346,0.6053491573918501,0.7187409547643068,0.0532987611639297,0.024752475247524754,0.10560112076942721
