,AP,BLESS,Battig,ESSLI_1a,ESSLI_2b,ESSLI_2c,MEN,MTurk,RG65,RW,SimLex999,TR9856,WS353,WS353R,WS353S,Google,MSR,SemEval2012_2
0,0.5771144278606966,0.765,0.3098833874976104,0.75,0.8250000000000001,0.6,0.694394957963139,0.5533183790741952,0.7854763881321658,0.337658096705172,0.38988496801846334,0.4821950891523459,0.5175995476570406,0.4178282165550148,0.6740969005533857,0.028535353535353535,0.008256880733944955,0.1837410708378814
