,AP,BLESS,Battig,ESSLI_1a,ESSLI_2b,ESSLI_2c,MEN,MTurk,RG65,RW,SimLex999,TR9856,WS353,WS353R,WS353S,Google,MSR,SemEval2012_2
0,0.6019900497512438,0.805,0.32001529344293633,0.7954545454545455,0.8,0.6444444444444445,0.7766016710953492,0.6983122368578312,0.823098943273231,0.432999276128442,0.4364557210305123,0.5777038597632882,0.6234608805967838,0.5724984492463819,0.7103618579369934,0.23787878787878788,0.1688073394495413,0.16112427662605966
