,AP,BLESS,Battig,ESSLI_1a,ESSLI_2b,ESSLI_2c,MEN,MTurk,RG65,RW,SimLex999,TR9856,WS353,WS353R,WS353S,Google,MSR,SemEval2012_2
0,0.5771144278606966,0.775,0.2831198623590136,0.75,0.8250000000000001,0.6222222222222222,0.7335920012334042,0.6950689621904889,0.7579865909842054,0.4159416797939607,0.34539727829179023,0.5528750490329438,0.6027809791865539,0.5543543252261809,0.6793339032226219,0.3063131313131313,0.2,0.14901772656942391
