,AP,BLESS,Battig,ESSLI_1a,ESSLI_2b,ESSLI_2c,MEN,MTurk,RG65,RW,SimLex999,TR9856,WS353,WS353R,WS353S,Google,MSR,SemEval2012_2
0,0.6243781094527363,0.785,0.3083540432039763,0.8181818181818182,0.8,0.6444444444444445,0.7361712907056859,0.6070374653319636,0.7927944911271859,0.3576310838267623,0.4036411170053258,0.5262833477977225,0.5831258483008404,0.5014333060639622,0.724642721797307,0.03888888888888889,0.027522935779816515,0.1894294780316325
