,AP,BLESS,Battig,ESSLI_1a,ESSLI_2b,ESSLI_2c,MEN,MTurk,RG65,RW,SimLex999,TR9856,WS353,WS353R,WS353S,Google,MSR,SemEval2012_2
0,0.6567164179104478,0.785,0.31753010896578093,0.75,0.75,0.6444444444444445,0.7571786732458838,0.6491368109480415,0.8052727949520281,0.37041830381109236,0.43203754058135824,0.5498567113038395,0.595289963046943,0.5173560456227795,0.7209294914174892,0.05909090909090909,0.04954128440366973,0.17470200163415822
