,AP,BLESS,Battig,ESSLI_1a,ESSLI_2b,ESSLI_2c,MEN,MTurk,RG65,RW,SimLex999,TR9856,WS353,WS353R,WS353S,Google,MSR,SemEval2012_2
0,0.554726368159204,0.775,0.30950105142420187,0.75,0.775,0.5555555555555556,0.6950398432727695,0.5843345426605665,0.7997373067891282,0.36095755137325647,0.40366050980789675,0.4852623075056719,0.5102257517307295,0.40050400993494395,0.6461802810201083,0.043686868686868684,0.012844036697247707,0.15590992733803416
