,AP,BLESS,Battig,ESSLI_1a,ESSLI_2b,ESSLI_2c,MEN,MTurk,RG65,RW,SimLex999,TR9856,WS353,WS353R,WS353S,Google,MSR,SemEval2012_2
0,0.6318407960199005,0.835,0.3177212770024852,0.75,0.8,0.6444444444444445,0.7713975923603875,0.6785501338400148,0.8137167599462822,0.3904495706345762,0.4445347866067419,0.5654623476294617,0.6109382572945413,0.5436999071613962,0.7183902138953527,0.11818181818181818,0.0889908256880734,0.17850236959531818
