,AP,BLESS,Battig,ESSLI_1a,ESSLI_2b,ESSLI_2c,MEN,MTurk,RG65,RW,SimLex999,TR9856,WS353,WS353R,WS353S,Google,MSR,SemEval2012_2
0,0.43034825870646765,0.67,0.2683999235327853,0.75,0.5750000000000001,0.4666666666666667,0.28170845332658934,0.08065847328421266,0.555894362121725,0.13696523424436735,0.167972147850924,0.09481396988524961,0.2178647651638545,0.08080666352334832,0.2981507406034208,0.022637640006310144,0.0,0.07479582040909068
