,AP,BLESS,Battig,ESSLI_1a,ESSLI_2b,ESSLI_2c,MEN,MTurk,RG65,RW,SimLex999,TR9856,WS353,WS353R,WS353S,Google,MSR,SemEval2012_2
0,0.4079601990049751,0.595,0.26553240298222136,0.6363636363636364,0.5750000000000001,0.4666666666666667,0.2601244277537977,0.10876934366785115,0.4797110335068996,0.13066595410511342,0.17375771355590758,0.12758361052077838,0.2706821442206498,0.22343678956785495,0.3131322799146825,0.011752642372613977,0.0,0.07967688017910941
