,AP,BLESS,Battig,ESSLI_1a,ESSLI_2b,ESSLI_2c,MEN,MTurk,RG65,RW,SimLex999,TR9856,WS353,WS353R,WS353S,Google,MSR,SemEval2012_2
0,0.3283582089552239,0.515,0.22557828331103041,0.6818181818181819,0.5,0.4222222222222222,0.18999589334569153,0.11909962879426977,0.05507341612919032,0.002636290054681831,0.05763083695421818,0.11791614839161159,0.1951021689349853,0.14236301893271164,0.24973403455553095,0.00536362202240101,0.0,0.05912586454172378
